{
  "mse": 0.010752476350330402,
  "rmse": 0.10369414810070239,
  "mae": 0.04761719524356122,
  "r2": 0.9121751081818207,
  "kappa": 0.8156958371100949,
  "macro_f1": 0.8716204821706225,
  "optimized_thresholds": {
    "low": 0.36,
    "high": 0.76,
    "initial_f1": 0.870946910757456,
    "weighted_f1": 0.8739060707015277
  },
  "class_weights": {
    "LOW": 0.9115472852408871,
    "MED": 0.9720032617559119,
    "HIGH": 1.143953934740883
  },
  "per_class_recall": {
    "LOW": 0.9671170022941626,
    "MED": 0.869586983729662,
    "HIGH": 0.7693950177935943
  },
  "uncertainty": {
    "mean_std": 0.0,
    "max_std": 0.0,
    "min_std": 0.0,
    "median_std": 0.0
  },
  "ensemble_size": 2
}